,,Value,Value
,,sum,count
Item,Year,,
Almonds in shell,2012,0.0,2
Almonds in shell,2013,0.0,2
Almonds in shell,2014,0.0,2
Almonds in shell,2015,0.0,2
Almonds in shell,2016,0.0,2
Almonds in shell,2017,0.0,2
Almonds in shell,2018,0.0,2
Almonds in shell,2019,0.0,2
Almonds in shell,2020,0.0,2
Almonds in shell,2021,0.0,2
Anise badian coriander cumin caraway fennel and juniper berries raw,2012,1495.01,2
Anise badian coriander cumin caraway fennel and juniper berries raw,2013,1003.39,2
Anise badian coriander cumin caraway fennel and juniper berries raw,2014,674.0,2
Anise badian coriander cumin caraway fennel and juniper berries raw,2015,606.0,2
Anise badian coriander cumin caraway fennel and juniper berries raw,2016,588.99,2
Anise badian coriander cumin caraway fennel and juniper berries raw,2017,149.45999999999998,2
Anise badian coriander cumin caraway fennel and juniper berries raw,2018,157.0,2
Anise badian coriander cumin caraway fennel and juniper berries raw,2019,208.0,2
Anise badian coriander cumin caraway fennel and juniper berries raw,2020,251.0,2
Anise badian coriander cumin caraway fennel and juniper berries raw,2021,199.0,2
Apples,2012,156256.92,2
Apples,2013,165792.42,2
Apples,2014,169540.0,2
Apples,2015,169294.0,2
Apples,2016,167857.38,2
Apples,2017,159488.0,2
Apples,2018,149150.8,2
Apples,2019,154325.0,2
Apples,2020,147593.02,2
Apples,2021,150862.67,2
Apricots,2012,324.11,2
Apricots,2013,335.13,2
Apricots,2014,311.0,2
Apricots,2015,301.0,2
Apricots,2016,299.0,2
Apricots,2017,255.0,2
Apricots,2018,431.0,2
Apricots,2019,532.0,2
Apricots,2020,580.0,2
Apricots,2021,556.0,2
Artichokes,2012,149601.0,2
Artichokes,2013,118713.0,2
Artichokes,2014,108638.11,2
Artichokes,2015,95496.0,2
Artichokes,2016,114894.33,2
Artichokes,2017,153714.0,2
Artichokes,2018,162620.94,2
Artichokes,2019,139441.22,2
Artichokes,2020,86611.82,2
Artichokes,2021,105710.44,2
Asparagus,2012,409040.71,2
Asparagus,2013,416816.73,2
Asparagus,2014,409620.0,2
Asparagus,2015,402902.0,2
Asparagus,2016,410272.79,2
Asparagus,2017,415463.0,2
Asparagus,2018,391635.14,2
Asparagus,2019,388489.56,2
Asparagus,2020,402611.11,2
Asparagus,2021,396407.83,2
Avocados,2012,290140.27,2
Avocados,2013,314140.0,2
Avocados,2014,379637.0,2
Avocados,2015,400700.0,2
Avocados,2016,493265.17,2
Avocados,2017,506425.0,2
Avocados,2018,546067.74,2
Avocados,2019,619896.85,2
Avocados,2020,723473.24,2
Avocados,2021,828895.96,2
Bananas,2012,2233649.3,2
Bananas,2013,2279848.0,2
Bananas,2014,2291877.0,2
Bananas,2015,2313200.0,2
Bananas,2016,2234640.7,2
Bananas,2017,2141657.0,2
Bananas,2018,2356959.56,2
Bananas,2019,2427578.5,2
Bananas,2020,2496806.08,2
Bananas,2021,2552145.18,2
Barley,2012,365664.74,2
Barley,2013,378660.08999999997,2
Barley,2014,377136.0,2
Barley,2015,373005.0,2
Barley,2016,342862.42000000004,2
Barley,2017,336118.0,2
Barley,2018,343314.6,2
Barley,2019,342862.42000000004,2
Barley,2020,329179.0,2
Barley,2021,346451.0,2
Beans dry,2012,174594.71000000002,2
Beans dry,2013,177746.0,2
Beans dry,2014,166287.0,2
Beans dry,2015,168146.0,2
Beans dry,2016,151832.75,2
Beans dry,2017,141694.0,2
Beans dry,2018,162901.47,2
Beans dry,2019,157739.56,2
Beans dry,2020,156029.43,2
Beans dry,2021,162377.47999999998,2
Blueberries,2012,960.0,2
Blueberries,2013,2318.0,2
Blueberries,2014,2800.0,2
Blueberries,2015,11743.0,2
Blueberries,2016,24923.29,2
Blueberries,2017,56435.0,2
Blueberries,2018,100816.0,2
Blueberries,2019,156390.0,2
Blueberries,2020,188415.0,2
Blueberries,2021,244012.0,2
Brazil nuts in shell,2012,5600.0,1
Brazil nuts in shell,2013,5600.0,1
Brazil nuts in shell,2014,5600.0,1
Brazil nuts in shell,2015,5795.25,1
Brazil nuts in shell,2016,5665.08,1
Brazil nuts in shell,2017,6137.24,1
Brazil nuts in shell,2018,6465.77,1
Brazil nuts in shell,2019,7100.0,1
Brazil nuts in shell,2020,7000.0,1
Brazil nuts in shell,2021,6913.15,1
Broad beans and horse beans dry,2012,129401.07,2
Broad beans and horse beans dry,2013,136150.0,2
Broad beans and horse beans dry,2014,139405.0,2
Broad beans and horse beans dry,2015,138399.0,2
Broad beans and horse beans dry,2016,125829.59,2
Broad beans and horse beans dry,2017,123796.0,2
Broad beans and horse beans dry,2018,134529.22999999998,2
Broad beans and horse beans dry,2019,139071.22999999998,2
Broad beans and horse beans dry,2020,137199.05,2
Broad beans and horse beans dry,2021,134988.95,2
Broad beans and horse beans green,2012,79534.92,2
Broad beans and horse beans green,2013,83330.0,2
Broad beans and horse beans green,2014,82717.0,2
Broad beans and horse beans green,2015,86108.0,2
Broad beans and horse beans green,2016,78104.0,2
Broad beans and horse beans green,2017,83359.0,2
Broad beans and horse beans green,2018,87478.31,2
Broad beans and horse beans green,2019,82505.53,2
Broad beans and horse beans green,2020,85436.04,2
Broad beans and horse beans green,2021,90364.27,2
Cabbages,2012,42937.5,2
Cabbages,2013,42585.0,2
Cabbages,2014,42006.0,2
Cabbages,2015,42280.0,2
Cabbages,2016,40340.9,2
Cabbages,2017,35469.0,2
Cabbages,2018,38685.51,2
Cabbages,2019,38421.75,2
Cabbages,2020,36398.56,2
Cabbages,2021,33981.880000000005,2
Cantaloupes and other melons,2012,22121.0,2
Cantaloupes and other melons,2013,21614.5,2
Cantaloupes and other melons,2014,22131.0,2
Cantaloupes and other melons,2015,23456.0,2
Cantaloupes and other melons,2016,22385.23,2
Cantaloupes and other melons,2017,20111.0,2
Cantaloupes and other melons,2018,21202.58,2
Cantaloupes and other melons,2019,19644.88,2
Cantaloupes and other melons,2020,21001.96,2
Cantaloupes and other melons,2021,24967.94,2
Carrots and turnips,2012,187807.2,2
Carrots and turnips,2013,186082.0,2
Carrots and turnips,2014,180782.0,2
Carrots and turnips,2015,183753.0,2
Carrots and turnips,2016,189188.0,2
Carrots and turnips,2017,193686.0,2
Carrots and turnips,2018,195879.0,2
Carrots and turnips,2019,209318.0,2
Carrots and turnips,2020,212277.21,2
Carrots and turnips,2021,218322.29,2
Cashew nuts in shell,2012,3239.0,2
Cashew nuts in shell,2013,3335.0,2
Cashew nuts in shell,2014,3333.0,2
Cashew nuts in shell,2015,3121.0,2
Cashew nuts in shell,2016,3220.51,2
Cashew nuts in shell,2017,3851.0,2
Cashew nuts in shell,2018,3237.19,2
Cashew nuts in shell,2019,2225.41,2
Cashew nuts in shell,2020,4280.030000000001,2
Cashew nuts in shell,2021,4372.34,2
Cassava fresh,2012,1210914.03,2
Cassava fresh,2013,1282548.0,2
Cassava fresh,2014,1293868.0,2
Cassava fresh,2015,1331489.0,2
Cassava fresh,2016,1280064.0,2
Cassava fresh,2017,1294481.0,2
Cassava fresh,2018,1344208.6,2
Cassava fresh,2019,1380481.45,2
Cassava fresh,2020,1451676.6,2
Cassava fresh,2021,1386076.25,2
Castor oil seeds,2012,0.0,2
Castor oil seeds,2013,0.0,2
Castor oil seeds,2014,0.0,2
Castor oil seeds,2015,0.0,2
Castor oil seeds,2016,0.0,2
Castor oil seeds,2017,0.0,2
Castor oil seeds,2018,0.0,2
Castor oil seeds,2019,0.0,2
Castor oil seeds,2020,0.0,2
Castor oil seeds,2021,0.0,2
Cauliflowers and broccoli,2012,19698.26,2
Cauliflowers and broccoli,2013,22680.01,2
Cauliflowers and broccoli,2014,18902.93,2
Cauliflowers and broccoli,2015,21120.0,2
Cauliflowers and broccoli,2016,80157.0,2
Cauliflowers and broccoli,2017,75476.0,2
Cauliflowers and broccoli,2018,77762.15,2
Cauliflowers and broccoli,2019,80569.0,2
Cauliflowers and broccoli,2020,70644.23,2
Cauliflowers and broccoli,2021,65236.15,2
Cereals n.e.c.,2012,16551.35,2
Cereals n.e.c.,2013,16663.38,2
Cereals n.e.c.,2014,16947.81,2
Cereals n.e.c.,2015,17143.57,2
Cereals n.e.c.,2016,17234.66,2
Cereals n.e.c.,2017,17320.42,2
Cereals n.e.c.,2018,17455.010000000002,2
Cereals n.e.c.,2019,17280.0,2
Cereals n.e.c.,2020,17374.83,2
Cereals n.e.c.,2021,17426.54,2
Cherries,2012,14.28,2
Cherries,2013,7.17,2
Cherries,2014,4.4,2
Cherries,2015,5.0,2
Cherries,2016,5.0,2
Cherries,2017,4.0,2
Cherries,2018,5.0,2
Cherries,2019,4.0,2
Cherries,2020,3.92,2
Cherries,2021,4.09,2
Chestnuts in shell,2012,816.83,2
Chestnuts in shell,2013,767.35,2
Chestnuts in shell,2014,744.12,2
Chestnuts in shell,2015,775.45,2
Chestnuts in shell,2016,741.17,2
Chestnuts in shell,2017,753.58,2
Chestnuts in shell,2018,757.07,2
Chestnuts in shell,2019,749.94,2
Chestnuts in shell,2020,753.19,2
Chestnuts in shell,2021,754.07,2
Chick peas dry,2012,5205.41,2
Chick peas dry,2013,5746.0,2
Chick peas dry,2014,2980.69,2
Chick peas dry,2015,4045.0,2
Chick peas dry,2016,927.72,2
Chick peas dry,2017,1823.0,2
Chick peas dry,2018,2202.27,2
Chick peas dry,2019,1371.56,2
Chick peas dry,2020,964.44,2
Chick peas dry,2021,874.2,2
Chillies and peppers dry (Capsicum spp. Pimenta spp.) raw,2012,54114.0,2
Chillies and peppers dry (Capsicum spp. Pimenta spp.) raw,2013,41264.0,2
Chillies and peppers dry (Capsicum spp. Pimenta spp.) raw,2014,39341.0,2
Chillies and peppers dry (Capsicum spp. Pimenta spp.) raw,2015,25003.0,2
Chillies and peppers dry (Capsicum spp. Pimenta spp.) raw,2016,36498.0,2
Chillies and peppers dry (Capsicum spp. Pimenta spp.) raw,2017,28526.0,2
Chillies and peppers dry (Capsicum spp. Pimenta spp.) raw,2018,30661.58,2
Chillies and peppers dry (Capsicum spp. Pimenta spp.) raw,2019,41449.0,2
Chillies and peppers dry (Capsicum spp. Pimenta spp.) raw,2020,44164.0,2
Chillies and peppers dry (Capsicum spp. Pimenta spp.) raw,2021,42392.0,2
Chillies and peppers green (Capsicum spp. and Pimenta spp.),2012,144715.0,2
Chillies and peppers green (Capsicum spp. and Pimenta spp.),2013,135053.0,2
Chillies and peppers green (Capsicum spp. and Pimenta spp.),2014,136451.0,2
Chillies and peppers green (Capsicum spp. and Pimenta spp.),2015,127078.0,2
Chillies and peppers green (Capsicum spp. and Pimenta spp.),2016,139909.0,2
Chillies and peppers green (Capsicum spp. and Pimenta spp.),2017,162871.0,2
Chillies and peppers green (Capsicum spp. and Pimenta spp.),2018,186879.96,2
Chillies and peppers green (Capsicum spp. and Pimenta spp.),2019,193067.0,2
Chillies and peppers green (Capsicum spp. and Pimenta spp.),2020,186061.0,2
Chillies and peppers green (Capsicum spp. and Pimenta spp.),2021,222288.0,2
Cocoa beans,2012,146490.58000000002,2
Cocoa beans,2013,168833.41,2
Cocoa beans,2014,188286.0,2
Cocoa beans,2015,212966.0,2
Cocoa beans,2016,233501.51,2
Cocoa beans,2017,269118.0,2
Cocoa beans,2018,295094.74,2
Cocoa beans,2019,311792.25,2
Cocoa beans,2020,336617.57999999996,2
Cocoa beans,2021,345064.69,2
Coconuts in shell,2012,36009.0,2
Coconuts in shell,2013,35176.0,2
Coconuts in shell,2014,37389.0,2
Coconuts in shell,2015,36546.0,2
Coconuts in shell,2016,34698.0,2
Coconuts in shell,2017,35037.0,2
Coconuts in shell,2018,35305.91,2
Coconuts in shell,2019,37059.3,2
Coconuts in shell,2020,38910.63,2
Coconuts in shell,2021,40980.47,2
Coffee green,2012,690795.56,2
Coffee green,2013,655764.4299999999,2
Coffee green,2014,583718.0,2
Coffee green,2015,631125.0,2
Coffee green,2016,661733.4,2
Coffee green,2017,761459.0,2
Coffee green,2018,802030.99,2
Coffee green,2019,801496.5900000001,2
Coffee green,2020,784025.74,2
Coffee green,2021,820299.14,2
Cow peas dry,2012,63011.0,2
Cow peas dry,2013,34280.0,2
Cow peas dry,2014,30366.53,2
Cow peas dry,2015,35729.0,2
Cow peas dry,2016,41512.33,2
Cow peas dry,2017,38253.0,2
Cow peas dry,2018,25745.47,2
Cow peas dry,2019,37332.07,2
Cow peas dry,2020,28462.29,2
Cow peas dry,2021,42281.380000000005,2
Cucumbers and gherkins,2012,45278.0,2
Cucumbers and gherkins,2013,49049.0,2
Cucumbers and gherkins,2014,49851.0,2
Cucumbers and gherkins,2015,52380.0,2
Cucumbers and gherkins,2016,58902.77,2
Cucumbers and gherkins,2017,50302.0,2
Cucumbers and gherkins,2018,46700.79,2
Cucumbers and gherkins,2019,47634.0,2
Cucumbers and gherkins,2020,54657.66,2
Cucumbers and gherkins,2021,57693.39,2
Dates,2012,272.5,2
Dates,2013,335.4,2
Dates,2014,277.45,2
Dates,2015,263.0,2
Dates,2016,302.40999999999997,2
Dates,2017,309.0,2
Dates,2018,415.0,2
Dates,2019,507.95,2
Dates,2020,530.6700000000001,2
Dates,2021,523.6,2
Edible roots and tubers with high starch or inulin content n.e.c. fresh,2012,301626.19,2
Edible roots and tubers with high starch or inulin content n.e.c. fresh,2013,323900.03,2
Edible roots and tubers with high starch or inulin content n.e.c. fresh,2014,323389.07,2
Edible roots and tubers with high starch or inulin content n.e.c. fresh,2015,315092.17,2
Edible roots and tubers with high starch or inulin content n.e.c. fresh,2016,313645.75,2
Edible roots and tubers with high starch or inulin content n.e.c. fresh,2017,311715.96,2
Edible roots and tubers with high starch or inulin content n.e.c. fresh,2018,312367.3,2
Edible roots and tubers with high starch or inulin content n.e.c. fresh,2019,313752.73,2
Edible roots and tubers with high starch or inulin content n.e.c. fresh,2020,314575.12,2
Edible roots and tubers with high starch or inulin content n.e.c. fresh,2021,315479.52,2
Eggplants (aubergines),2012,383.0,2
Eggplants (aubergines),2013,298.1,2
Eggplants (aubergines),2014,346.0,2
Eggplants (aubergines),2015,468.0,2
Eggplants (aubergines),2016,391.0,2
Eggplants (aubergines),2017,281.0,2
Eggplants (aubergines),2018,514.0,2
Eggplants (aubergines),2019,385.0,2
Eggplants (aubergines),2020,458.5,2
Eggplants (aubergines),2021,528.5,2
Figs,2012,3571.15,2
Figs,2013,3649.0,2
Figs,2014,3203.0,2
Figs,2015,3111.0,2
Figs,2016,3198.34,2
Figs,2017,3283.0,2
Figs,2018,3538.5,2
Figs,2019,3626.71,2
Figs,2020,3508.52,2
Figs,2021,3322.42,2
Ginger raw,2012,2410.0,2
Ginger raw,2013,4280.0,2
Ginger raw,2014,14616.0,2
Ginger raw,2015,12653.0,2
Ginger raw,2016,17126.0,2
Ginger raw,2017,30814.0,2
Ginger raw,2018,24611.0,2
Ginger raw,2019,38631.64,2
Ginger raw,2020,55358.0,2
Ginger raw,2021,54218.98,2
Grapes,2012,381352.87,2
Grapes,2013,460007.6,2
Grapes,2014,530685.0,2
Grapes,2015,624589.0,2
Grapes,2016,717903.31,2
Grapes,2017,674789.0,2
Grapes,2018,678088.06,2
Grapes,2019,673052.93,2
Grapes,2020,768634.46,2
Grapes,2021,861453.79,2
Green corn (maize),2012,404982.0,2
Green corn (maize),2013,445463.0,2
Green corn (maize),2014,448867.0,2
Green corn (maize),2015,441416.0,2
Green corn (maize),2016,443142.0,2
Green corn (maize),2017,428888.0,2
Green corn (maize),2018,483626.68,2
Green corn (maize),2019,460949.42,2
Green corn (maize),2020,457357.18,2
Green corn (maize),2021,493850.54,2
Green garlic,2012,89821.95,2
Green garlic,2013,89144.32,2
Green garlic,2014,89078.0,2
Green garlic,2015,98221.0,2
Green garlic,2016,85904.39,2
Green garlic,2017,103677.0,2
Green garlic,2018,114564.74,2
Green garlic,2019,90849.13,2
Green garlic,2020,98489.34,2
Green garlic,2021,120077.21,2
Groundnuts excluding shelled,2012,9841.0,2
Groundnuts excluding shelled,2013,10457.0,2
Groundnuts excluding shelled,2014,10005.0,2
Groundnuts excluding shelled,2015,9582.0,2
Groundnuts excluding shelled,2016,11065.939999999999,2
Groundnuts excluding shelled,2017,9784.0,2
Groundnuts excluding shelled,2018,9440.18,2
Groundnuts excluding shelled,2019,8915.0,2
Groundnuts excluding shelled,2020,7644.0,2
Groundnuts excluding shelled,2021,8499.0,2
Jute raw or retted,2012,470.0,2
Jute raw or retted,2013,470.0,2
Jute raw or retted,2014,428.15,2
Jute raw or retted,2015,419.0,2
Jute raw or retted,2016,439.05,2
Jute raw or retted,2017,426.73,2
Jute raw or retted,2018,420.59,2
Jute raw or retted,2019,424.12,2
Jute raw or retted,2020,422.48,2
Jute raw or retted,2021,424.07,2
Leeks and other alliaceous vegetables,2012,20139.23,2
Leeks and other alliaceous vegetables,2013,19181.52,2
Leeks and other alliaceous vegetables,2014,20860.0,2
Leeks and other alliaceous vegetables,2015,24440.0,2
Leeks and other alliaceous vegetables,2016,23369.0,2
Leeks and other alliaceous vegetables,2017,21917.0,2
Leeks and other alliaceous vegetables,2018,23240.37,2
Leeks and other alliaceous vegetables,2019,25064.46,2
Leeks and other alliaceous vegetables,2020,21451.41,2
Leeks and other alliaceous vegetables,2021,20792.83,2
Lemons and limes,2012,256889.02,2
Lemons and limes,2013,264131.0,2
Lemons and limes,2014,295975.0,2
Lemons and limes,2015,302408.0,2
Lemons and limes,2016,309083.09,2
Lemons and limes,2017,206170.0,2
Lemons and limes,2018,297307.0,2
Lemons and limes,2019,328974.0,2
Lemons and limes,2020,342697.79,2
Lemons and limes,2021,364429.94,2
Lentils dry,2012,7693.27,2
Lentils dry,2013,8231.46,2
Lentils dry,2014,6696.92,2
Lentils dry,2015,6146.0,2
Lentils dry,2016,4939.01,2
Lentils dry,2017,5388.0,2
Lentils dry,2018,5653.99,2
Lentils dry,2019,5974.98,2
Lentils dry,2020,5340.26,2
Lentils dry,2021,5494.17,2
Lettuce and chicory,2012,57945.17,2
Lettuce and chicory,2013,65440.28,2
Lettuce and chicory,2014,70177.0,2
Lettuce and chicory,2015,75024.0,2
Lettuce and chicory,2016,80300.43,2
Lettuce and chicory,2017,81133.0,2
Lettuce and chicory,2018,84669.01,2
Lettuce and chicory,2019,86593.31,2
Lettuce and chicory,2020,75369.52,2
Lettuce and chicory,2021,75102.53,2
Linseed,2012,2784.0,2
Linseed,2013,2443.7799999999997,2
Linseed,2014,2219.0,2
Linseed,2015,1673.58,2
Linseed,2016,1835.51,2
Linseed,2017,2440.44,2
Linseed,2018,2043.0,2
Linseed,2019,2124.0,2
Linseed,2020,2085.0,2
Linseed,2021,1507.0,2
Lupins,2012,21403.0,2
Lupins,2013,21667.22,2
Lupins,2014,21692.59,2
Lupins,2015,23494.0,2
Lupins,2016,25134.22,2
Lupins,2017,24109.0,2
Lupins,2018,28392.67,2
Lupins,2019,28328.42,2
Lupins,2020,27151.04,2
Lupins,2021,26878.04,2
Maize (corn),2012,2179817.6399999997,2
Maize (corn),2013,2181532.0,2
Maize (corn),2014,2013683.0,2
Maize (corn),2015,2260262.0,2
Maize (corn),2016,2028246.17,2
Maize (corn),2017,1969895.0,2
Maize (corn),2018,2035603.0,2
Maize (corn),2019,2028246.0,2
Maize (corn),2020,1883846.0,2
Maize (corn),2021,2024148.0,2
Mangoes guavas and mangosteens,2012,215943.5,2
Mangoes guavas and mangosteens,2013,493921.0,2
Mangoes guavas and mangosteens,2014,412339.0,2
Mangoes guavas and mangosteens,2015,380528.0,2
Mangoes guavas and mangosteens,2016,400454.94,2
Mangoes guavas and mangosteens,2017,414613.0,2
Mangoes guavas and mangosteens,2018,412649.71,2
Mangoes guavas and mangosteens,2019,463553.0,2
Mangoes guavas and mangosteens,2020,552066.94,2
Mangoes guavas and mangosteens,2021,489781.13,2
Natural rubber in primary forms,2012,0.0,2
Natural rubber in primary forms,2013,0.0,2
Natural rubber in primary forms,2014,0.0,2
Natural rubber in primary forms,2015,0.0,2
Natural rubber in primary forms,2016,0.0,2
Natural rubber in primary forms,2017,0.0,2
Natural rubber in primary forms,2018,0.0,2
Natural rubber in primary forms,2019,0.0,2
Natural rubber in primary forms,2020,0.0,2
Natural rubber in primary forms,2021,0.0,2
Oats,2012,24584.34,2
Oats,2013,24631.15,2
Oats,2014,27117.0,2
Oats,2015,28906.0,2
Oats,2016,35807.91,2
Oats,2017,34297.0,2
Oats,2018,35886.759999999995,2
Oats,2019,35807.91,2
Oats,2020,38585.0,2
Oats,2021,38233.0,2
Oil palm fruit,2012,556171.0,2
Oil palm fruit,2013,614071.0,2
Oil palm fruit,2014,655201.0,2
Oil palm fruit,2015,727441.0,2
Oil palm fruit,2016,787402.0,2
Oil palm fruit,2017,910973.0,2
Oil palm fruit,2018,987228.61,2
Oil palm fruit,2019,1006949.29,2
Oil palm fruit,2020,972801.73,2
Oil palm fruit,2021,1267489.16,2
Olives,2012,105755.0,2
Olives,2013,74210.0,2
Olives,2014,168932.0,2
Olives,2015,55653.0,2
Olives,2016,73275.66,2
Olives,2017,101534.0,2
Olives,2018,210869.41,2
Olives,2019,212543.74,2
Olives,2020,196183.85,2
Olives,2021,175306.92,2
Onions and shallots dry (excluding dehydrated),2012,795478.0,2
Onions and shallots dry (excluding dehydrated),2013,767140.0,2
Onions and shallots dry (excluding dehydrated),2014,776439.0,2
Onions and shallots dry (excluding dehydrated),2015,778989.0,2
Onions and shallots dry (excluding dehydrated),2016,723726.41,2
Onions and shallots dry (excluding dehydrated),2017,740690.0,2
Onions and shallots dry (excluding dehydrated),2018,659980.39,2
Onions and shallots dry (excluding dehydrated),2019,651950.3,2
Onions and shallots dry (excluding dehydrated),2020,619924.67,2
Onions and shallots dry (excluding dehydrated),2021,617350.25,2
Oranges,2012,455790.17,2
Oranges,2013,463925.98,2
Oranges,2014,478480.0,2
Oranges,2015,485031.0,2
Oranges,2016,521729.0,2
Oranges,2017,529834.0,2
Oranges,2018,534000.3200000001,2
Oranges,2019,541548.63,2
Oranges,2020,590428.28,2
Oranges,2021,607633.31,2
Other beans green,2012,21152.39,2
Other beans green,2013,19583.0,2
Other beans green,2014,19582.0,2
Other beans green,2015,20846.0,2
Other beans green,2016,19581.0,2
Other beans green,2017,15149.0,2
Other beans green,2018,15701.38,2
Other beans green,2019,15185.2,2
Other beans green,2020,17413.39,2
Other beans green,2021,21866.82,2
Other citrus fruit n.e.c.,2012,62759.44,2
Other citrus fruit n.e.c.,2013,64424.38,2
Other citrus fruit n.e.c.,2014,65863.12,2
Other citrus fruit n.e.c.,2015,67310.58,2
Other citrus fruit n.e.c.,2016,68628.23999999999,2
Other citrus fruit n.e.c.,2017,69790.84,2
Other citrus fruit n.e.c.,2018,68576.55,2
Other citrus fruit n.e.c.,2019,68998.55,2
Other citrus fruit n.e.c.,2020,69121.31,2
Other citrus fruit n.e.c.,2021,68899.14,2
Other fruits n.e.c.,2012,97582.8,2
Other fruits n.e.c.,2013,98244.5,2
Other fruits n.e.c.,2014,137040.0,2
Other fruits n.e.c.,2015,136439.0,2
Other fruits n.e.c.,2016,137404.0,2
Other fruits n.e.c.,2017,139935.0,2
Other fruits n.e.c.,2018,144111.0,2
Other fruits n.e.c.,2019,145759.66,2
Other fruits n.e.c.,2020,151360.41,2
Other fruits n.e.c.,2021,145962.98,2
Other nuts (excluding wild edible nuts and groundnuts) in shell n.e.c.,2012,2350.88,2
Other nuts (excluding wild edible nuts and groundnuts) in shell n.e.c.,2013,2388.0,2
Other nuts (excluding wild edible nuts and groundnuts) in shell n.e.c.,2014,2462.12,2
Other nuts (excluding wild edible nuts and groundnuts) in shell n.e.c.,2015,2572.5299999999997,2
Other nuts (excluding wild edible nuts and groundnuts) in shell n.e.c.,2016,2507.2200000000003,2
Other nuts (excluding wild edible nuts and groundnuts) in shell n.e.c.,2017,2460.08,2
Other nuts (excluding wild edible nuts and groundnuts) in shell n.e.c.,2018,2531.27,2
Other nuts (excluding wild edible nuts and groundnuts) in shell n.e.c.,2019,2518.8599999999997,2
Other nuts (excluding wild edible nuts and groundnuts) in shell n.e.c.,2020,2524.74,2
Other nuts (excluding wild edible nuts and groundnuts) in shell n.e.c.,2021,2524.96,2
Other oil seeds n.e.c.,2012,0.0,2
Other oil seeds n.e.c.,2013,0.0,2
Other oil seeds n.e.c.,2014,0.0,2
Other oil seeds n.e.c.,2015,0.0,2
Other oil seeds n.e.c.,2016,0.0,2
Other oil seeds n.e.c.,2017,0.0,2
Other oil seeds n.e.c.,2018,0.0,2
Other oil seeds n.e.c.,2019,0.0,2
Other oil seeds n.e.c.,2020,0.0,2
Other oil seeds n.e.c.,2021,0.0,2
Other pulses n.e.c.,2012,4200.0,2
Other pulses n.e.c.,2013,3920.0,2
Other pulses n.e.c.,2014,4780.52,2
Other pulses n.e.c.,2015,5900.0,2
Other pulses n.e.c.,2016,7300.0,2
Other pulses n.e.c.,2017,5993.17,2
Other pulses n.e.c.,2018,6397.719999999999,2
Other pulses n.e.c.,2019,6564.3,2
Other pulses n.e.c.,2020,6318.4,2
Other pulses n.e.c.,2021,6426.8099999999995,2
Other stimulant spice and aromatic crops n.e.c.,2012,3231.32,2
Other stimulant spice and aromatic crops n.e.c.,2013,3288.29,2
Other stimulant spice and aromatic crops n.e.c.,2014,3507.66,2
Other stimulant spice and aromatic crops n.e.c.,2015,3747.25,2
Other stimulant spice and aromatic crops n.e.c.,2016,3514.4,2
Other stimulant spice and aromatic crops n.e.c.,2017,3926.9,2
Other stimulant spice and aromatic crops n.e.c.,2018,4138.4,2
Other stimulant spice and aromatic crops n.e.c.,2019,4442.0,2
Other stimulant spice and aromatic crops n.e.c.,2020,4707.0,2
Other stimulant spice and aromatic crops n.e.c.,2021,4676.139999999999,2
Other tropical fruits n.e.c.,2012,201909.0,2
Other tropical fruits n.e.c.,2013,210723.0,2
Other tropical fruits n.e.c.,2014,223057.75,2
Other tropical fruits n.e.c.,2015,235308.3,2
Other tropical fruits n.e.c.,2016,249136.0,2
Other tropical fruits n.e.c.,2017,265674.0,2
Other tropical fruits n.e.c.,2018,278910.98,2
Other tropical fruits n.e.c.,2019,265803.14,2
Other tropical fruits n.e.c.,2020,267737.51,2
Other tropical fruits n.e.c.,2021,272111.18,2
Other vegetables fresh n.e.c.,2012,65168.7,2
Other vegetables fresh n.e.c.,2013,65453.3,2
Other vegetables fresh n.e.c.,2014,86195.0,2
Other vegetables fresh n.e.c.,2015,89189.0,2
Other vegetables fresh n.e.c.,2016,89292.0,2
Other vegetables fresh n.e.c.,2017,87192.0,2
Other vegetables fresh n.e.c.,2018,96523.0,2
Other vegetables fresh n.e.c.,2019,96095.57,2
Other vegetables fresh n.e.c.,2020,92162.11,2
Other vegetables fresh n.e.c.,2021,91872.56,2
Papayas,2012,133882.77000000002,2
Papayas,2013,161590.0,2
Papayas,2014,160768.0,2
Papayas,2015,156080.0,2
Papayas,2016,181765.32,2
Papayas,2017,190063.0,2
Papayas,2018,188322.13,2
Papayas,2019,177908.57,2
Papayas,2020,201514.08,2
Papayas,2021,203126.99,2
Peaches and nectarines,2012,52713.0,2
Peaches and nectarines,2013,55571.0,2
Peaches and nectarines,2014,58152.0,2
Peaches and nectarines,2015,56755.0,2
Peaches and nectarines,2016,56506.0,2
Peaches and nectarines,2017,51452.0,2
Peaches and nectarines,2018,50701.0,2
Peaches and nectarines,2019,50844.0,2
Peaches and nectarines,2020,45867.0,2
Peaches and nectarines,2021,51693.0,2
Pears,2012,5050.5,2
Pears,2013,4882.93,2
Pears,2014,5155.0,2
Pears,2015,4909.0,2
Pears,2016,4431.860000000001,2
Pears,2017,4771.0,2
Pears,2018,5010.33,2
Pears,2019,4550.85,2
Pears,2020,4376.48,2
Pears,2021,4663.6,2
Peas dry,2012,105998.0,2
Peas dry,2013,107657.36,2
Peas dry,2014,101839.0,2
Peas dry,2015,103691.0,2
Peas dry,2016,98305.91,2
Peas dry,2017,97525.0,2
Peas dry,2018,98928.20999999999,2
Peas dry,2019,94488.66,2
Peas dry,2020,91138.56,2
Peas dry,2021,92721.16,2
Peas green,2012,149428.16,2
Peas green,2013,164161.15,2
Peas green,2014,168601.0,2
Peas green,2015,167630.0,2
Peas green,2016,154076.0,2
Peas green,2017,164017.0,2
Peas green,2018,173151.08,2
Peas green,2019,163036.09,2
Peas green,2020,170411.56,2
Peas green,2021,175801.96,2
Pepper (Piper spp.) raw,2012,516.0,2
Pepper (Piper spp.) raw,2013,472.31,2
Pepper (Piper spp.) raw,2014,433.0,2
Pepper (Piper spp.) raw,2015,354.0,2
Pepper (Piper spp.) raw,2016,299.4,2
Pepper (Piper spp.) raw,2017,329.24,2
Pepper (Piper spp.) raw,2018,245.0,2
Pepper (Piper spp.) raw,2019,241.0,2
Pepper (Piper spp.) raw,2020,272.0,2
Pepper (Piper spp.) raw,2021,423.0,2
Pineapples,2012,452645.13,2
Pineapples,2013,453336.0,2
Pineapples,2014,471214.0,2
Pineapples,2015,465817.0,2
Pineapples,2016,476168.95,2
Pineapples,2017,510100.0,2
Pineapples,2018,563750.87,2
Pineapples,2019,581050.44,2
Pineapples,2020,599889.79,2
Pineapples,2021,605028.2,2
Plantains and cooking bananas,2012,0.0,2
Plantains and cooking bananas,2013,0.0,2
Plantains and cooking bananas,2014,0.0,2
Plantains and cooking bananas,2015,0.0,2
Plantains and cooking bananas,2016,0.0,2
Plantains and cooking bananas,2017,0.0,2
Plantains and cooking bananas,2018,0.0,2
Plantains and cooking bananas,2019,0.0,2
Plantains and cooking bananas,2020,0.0,2
Plantains and cooking bananas,2021,0.0,2
Plums and sloes,2012,8769.0,2
Plums and sloes,2013,10954.0,2
Plums and sloes,2014,9354.0,2
Plums and sloes,2015,9842.0,2
Plums and sloes,2016,10780.0,2
Plums and sloes,2017,9137.0,2
Plums and sloes,2018,10205.36,2
Plums and sloes,2019,9571.0,2
Plums and sloes,2020,8008.01,2
Plums and sloes,2021,8894.11,2
Pomelos and grapefruits,2012,6335.86,2
Pomelos and grapefruits,2013,5990.0,2
Pomelos and grapefruits,2014,7124.0,2
Pomelos and grapefruits,2015,8612.0,2
Pomelos and grapefruits,2016,7539.0,2
Pomelos and grapefruits,2017,7649.0,2
Pomelos and grapefruits,2018,7541.78,2
Pomelos and grapefruits,2019,7385.36,2
Pomelos and grapefruits,2020,7203.24,2
Pomelos and grapefruits,2021,7039.96,2
Potatoes,2012,4786939.65,2
Potatoes,2013,4887805.0,2
Potatoes,2014,5023367.0,2
Potatoes,2015,5020487.0,2
Potatoes,2016,5720408.02,2
Potatoes,2017,5086694.0,2
Potatoes,2018,5456791.31,2
Potatoes,2019,5720408.02,2
Potatoes,2020,5848531.0,2
Potatoes,2021,5992047.0,2
Pumpkins squash and gourds,2012,230135.0,2
Pumpkins squash and gourds,2013,242052.74,2
Pumpkins squash and gourds,2014,259401.0,2
Pumpkins squash and gourds,2015,262883.0,2
Pumpkins squash and gourds,2016,229498.0,2
Pumpkins squash and gourds,2017,205209.0,2
Pumpkins squash and gourds,2018,231296.0,2
Pumpkins squash and gourds,2019,236419.0,2
Pumpkins squash and gourds,2020,199037.73,2
Pumpkins squash and gourds,2021,225247.34,2
Quinces,2012,5828.85,2
Quinces,2013,6518.93,2
Quinces,2014,6935.67,2
Quinces,2015,7604.0,2
Quinces,2016,8077.85,2
Quinces,2017,8193.0,2
Quinces,2018,5412.84,2
Quinces,2019,6911.65,2
Quinces,2020,6844.74,2
Quinces,2021,4090.57,2
Quinoa,2012,82707.6,2
Quinoa,2013,96997.0,2
Quinoa,2014,182865.0,2
Quinoa,2015,174969.0,2
Quinoa,2016,154272.59,2
Quinoa,2017,140378.0,2
Quinoa,2018,152564.13,2
Quinoa,2019,154272.59,2
Quinoa,2020,167911.0,2
Quinoa,2021,174923.0,2
Rice,2012,3434249.45,2
Rice,2013,3446585.0,2
Rice,2014,3277981.0,2
Rice,2015,3550909.0,2
Rice,2016,3605370.47,2
Rice,2017,3541797.0,2
Rice,2018,3995837.99,2
Rice,2019,3605370.47,2
Rice,2020,3851109.0,2
Rice,2021,3892120.0,2
Rye,2012,170.0,2
Rye,2013,229.4,2
Rye,2014,207.0,2
Rye,2015,153.0,2
Rye,2016,102.0,2
Rye,2017,138.85,2
Rye,2018,169.0,2
Rye,2019,102.0,2
Rye,2020,62.0,2
Rye,2021,64.0,2
Seed cotton unginned,2012,161639.0,2
Seed cotton unginned,2013,113637.0,2
Seed cotton unginned,2014,123921.46,2
Seed cotton unginned,2015,97081.0,2
Seed cotton unginned,2016,63457.26,2
Seed cotton unginned,2017,31491.0,2
Seed cotton unginned,2018,58795.62,2
Seed cotton unginned,2019,75283.7,2
Seed cotton unginned,2020,26329.87,2
Seed cotton unginned,2021,22408.59,2
Sesame seed,2012,512.0,2
Sesame seed,2013,469.65,2
Sesame seed,2014,446.0,2
Sesame seed,2015,434.11,2
Sesame seed,2016,532.74,2
Sesame seed,2017,708.97,2
Sesame seed,2018,813.0,2
Sesame seed,2019,854.0,2
Sesame seed,2020,650.0,2
Sesame seed,2021,808.0,2
Sorghum,2012,159.7,2
Sorghum,2013,187.87,2
Sorghum,2014,513.28,2
Sorghum,2015,196.0,2
Sorghum,2016,116.69,2
Sorghum,2017,208.0,2
Sorghum,2018,262.53999999999996,2
Sorghum,2019,116.69,2
Sorghum,2020,167.64,2
Sorghum,2021,157.0,2
Sour cherries,2012,1464.5,2
Sour cherries,2013,1520.88,2
Sour cherries,2014,1475.1,2
Sour cherries,2015,1421.0,2
Sour cherries,2016,1403.43,2
Sour cherries,2017,1514.0,2
Sour cherries,2018,1584.59,2
Sour cherries,2019,1798.03,2
Sour cherries,2020,1683.32,2
Sour cherries,2021,1462.41,2
Soya beans,2012,3487.0,2
Soya beans,2013,4223.0,2
Soya beans,2014,3288.0,2
Soya beans,2015,2971.0,2
Soya beans,2016,2162.2200000000003,2
Soya beans,2017,2324.0,2
Soya beans,2018,2361.54,2
Soya beans,2019,2266.27,2
Soya beans,2020,2180.76,2
Soya beans,2021,2446.49,2
Spinach,2012,30987.12,2
Spinach,2013,31363.0,2
Spinach,2014,31593.0,2
Spinach,2015,31733.0,2
Spinach,2016,30152.8,2
Spinach,2017,25695.0,2
Spinach,2018,26656.81,2
Spinach,2019,29959.34,2
Spinach,2020,31355.14,2
Spinach,2021,32845.380000000005,2
Strawberries,2012,31990.68,2
Strawberries,2013,32308.9,2
Strawberries,2014,36638.0,2
Strawberries,2015,26466.0,2
Strawberries,2016,26969.76,2
Strawberries,2017,26018.0,2
Strawberries,2018,24615.84,2
Strawberries,2019,29915.89,2
Strawberries,2020,22864.28,2
Strawberries,2021,39901.45,2
String beans,2012,34097.7,2
String beans,2013,34140.0,2
String beans,2014,34080.0,2
String beans,2015,34113.0,2
String beans,2016,33964.0,2
String beans,2017,34073.0,2
String beans,2018,34354.25,2
String beans,2019,36464.15,2
String beans,2020,36232.979999999996,2
String beans,2021,36533.229999999996,2
Sugar cane,2012,10449992.0,2
Sugar cane,2013,11074445.3,2
Sugar cane,2014,11479974.19,2
Sugar cane,2015,10296430.0,2
Sugar cane,2016,9920221.59,2
Sugar cane,2017,9477142.0,2
Sugar cane,2018,10421015.91,2
Sugar cane,2019,10989378.88,2
Sugar cane,2020,10553390.33,2
Sugar cane,2021,9912659.68,2
Sweet potatoes,2012,321421.96,2
Sweet potatoes,2013,308047.0,2
Sweet potatoes,2014,294401.0,2
Sweet potatoes,2015,304520.0,2
Sweet potatoes,2016,284811.43,2
Sweet potatoes,2017,270601.0,2
Sweet potatoes,2018,290692.8,2
Sweet potatoes,2019,317716.78,2
Sweet potatoes,2020,257463.46,2
Sweet potatoes,2021,322320.23,2
Tangerines mandarins clementines,2012,292752.19,2
Tangerines mandarins clementines,2013,326264.0,2
Tangerines mandarins clementines,2014,352802.0,2
Tangerines mandarins clementines,2015,372118.0,2
Tangerines mandarins clementines,2016,418731.0,2
Tangerines mandarins clementines,2017,423242.0,2
Tangerines mandarins clementines,2018,498441.96,2
Tangerines mandarins clementines,2019,521268.3,2
Tangerines mandarins clementines,2020,544240.06,2
Tangerines mandarins clementines,2021,607368.6,2
Tea leaves,2012,5671.04,2
Tea leaves,2013,6548.47,2
Tea leaves,2014,6105.0,2
Tea leaves,2015,5924.0,2
Tea leaves,2016,5387.469999999999,2
Tea leaves,2017,3755.0,2
Tea leaves,2018,2860.85,2
Tea leaves,2019,3640.1,2
Tea leaves,2020,3696.2,2
Tea leaves,2021,3737.1400000000003,2
Tomatoes,2012,234931.0,2
Tomatoes,2013,259315.0,2
Tomatoes,2014,271952.04,2
Tomatoes,2015,242191.0,2
Tomatoes,2016,238967.89,2
Tomatoes,2017,226236.0,2
Tomatoes,2018,258274.21,2
Tomatoes,2019,206661.27,2
Tomatoes,2020,208899.33,2
Tomatoes,2021,249174.16,2
Unmanufactured tobacco,2012,1730.0,2
Unmanufactured tobacco,2013,2351.0,2
Unmanufactured tobacco,2014,2630.93,2
Unmanufactured tobacco,2015,1988.0,2
Unmanufactured tobacco,2016,2306.0,2
Unmanufactured tobacco,2017,2262.0,2
Unmanufactured tobacco,2018,2142.0,2
Unmanufactured tobacco,2019,2257.0,2
Unmanufactured tobacco,2020,1946.0,2
Unmanufactured tobacco,2021,2269.0,2
Walnuts in shell,2012,431.0,2
Walnuts in shell,2013,440.49,2
Walnuts in shell,2014,410.0,2
Walnuts in shell,2015,397.0,2
Walnuts in shell,2016,360.86,2
Walnuts in shell,2017,376.0,2
Walnuts in shell,2018,366.0,2
Walnuts in shell,2019,387.0,2
Walnuts in shell,2020,341.0,2
Walnuts in shell,2021,308.0,2
Watermelons,2012,98568.0,2
Watermelons,2013,94607.98,2
Watermelons,2014,94600.0,2
Watermelons,2015,99202.0,2
Watermelons,2016,89209.72,2
Watermelons,2017,99965.0,2
Watermelons,2018,105242.32,2
Watermelons,2019,131995.6,2
Watermelons,2020,120342.25,2
Watermelons,2021,131697.47,2
Wheat,2012,378133.45999999996,2
Wheat,2013,383752.0,2
Wheat,2014,359641.0,2
Wheat,2015,353206.0,2
Wheat,2016,309102.76,2
Wheat,2017,319739.0,2
Wheat,2018,322007.82,2
Wheat,2019,309102.76,2
Wheat,2020,301222.0,2
Wheat,2021,320930.0,2
Yautia,2012,21009.16,2
Yautia,2013,12652.48,2
Yautia,2014,6795.27,2
Yautia,2015,4538.26,2
Yautia,2016,2360.53,2
Yautia,2017,3144.3,2
Yautia,2018,3570.0,2
Yautia,2019,1705.0,2
Yautia,2020,2666.0,2
Yautia,2021,1452.0,2
